[{"model": "auth.permission", "pk": 1, "fields": {"name": "Can add log entry", "content_type": 1, "codename": "add_logentry"}}, {"model": "auth.permission", "pk": 2, "fields": {"name": "Can change log entry", "content_type": 1, "codename": "change_logentry"}}, {"model": "auth.permission", "pk": 3, "fields": {"name": "Can delete log entry", "content_type": 1, "codename": "delete_logentry"}}, {"model": "auth.permission", "pk": 4, "fields": {"name": "Can add group", "content_type": 2, "codename": "add_group"}}, {"model": "auth.permission", "pk": 5, "fields": {"name": "Can change group", "content_type": 2, "codename": "change_group"}}, {"model": "auth.permission", "pk": 6, "fields": {"name": "Can delete group", "content_type": 2, "codename": "delete_group"}}, {"model": "auth.permission", "pk": 7, "fields": {"name": "Can add permission", "content_type": 3, "codename": "add_permission"}}, {"model": "auth.permission", "pk": 8, "fields": {"name": "Can change permission", "content_type": 3, "codename": "change_permission"}}, {"model": "auth.permission", "pk": 9, "fields": {"name": "Can delete permission", "content_type": 3, "codename": "delete_permission"}}, {"model": "auth.permission", "pk": 10, "fields": {"name": "Can add content type", "content_type": 4, "codename": "add_contenttype"}}, {"model": "auth.permission", "pk": 11, "fields": {"name": "Can change content type", "content_type": 4, "codename": "change_contenttype"}}, {"model": "auth.permission", "pk": 12, "fields": {"name": "Can delete content type", "content_type": 4, "codename": "delete_contenttype"}}, {"model": "auth.permission", "pk": 13, "fields": {"name": "Can add session", "content_type": 5, "codename": "add_session"}}, {"model": "auth.permission", "pk": 14, "fields": {"name": "Can change session", "content_type": 5, "codename": "change_session"}}, {"model": "auth.permission", "pk": 15, "fields": {"name": "Can delete session", "content_type": 5, "codename": "delete_session"}}, {"model": "auth.permission", "pk": 16, "fields": {"name": "Can add product category", "content_type": 6, "codename": "add_productcategory"}}, {"model": "auth.permission", "pk": 17, "fields": {"name": "Can change product category", "content_type": 6, "codename": "change_productcategory"}}, {"model": "auth.permission", "pk": 18, "fields": {"name": "Can delete product category", "content_type": 6, "codename": "delete_productcategory"}}, {"model": "auth.permission", "pk": 19, "fields": {"name": "Can add product", "content_type": 7, "codename": "add_product"}}, {"model": "auth.permission", "pk": 20, "fields": {"name": "Can change product", "content_type": 7, "codename": "change_product"}}, {"model": "auth.permission", "pk": 21, "fields": {"name": "Can delete product", "content_type": 7, "codename": "delete_product"}}, {"model": "auth.permission", "pk": 22, "fields": {"name": "Can add user", "content_type": 8, "codename": "add_shopuser"}}, {"model": "auth.permission", "pk": 23, "fields": {"name": "Can change user", "content_type": 8, "codename": "change_shopuser"}}, {"model": "auth.permission", "pk": 24, "fields": {"name": "Can delete user", "content_type": 8, "codename": "delete_shopuser"}}, {"model": "auth.permission", "pk": 25, "fields": {"name": "Can add basket", "content_type": 9, "codename": "add_basket"}}, {"model": "auth.permission", "pk": 26, "fields": {"name": "Can change basket", "content_type": 9, "codename": "change_basket"}}, {"model": "auth.permission", "pk": 27, "fields": {"name": "Can delete basket", "content_type": 9, "codename": "delete_basket"}}, {"model": "auth.permission", "pk": 28, "fields": {"name": "Can view log entry", "content_type": 1, "codename": "view_logentry"}}, {"model": "auth.permission", "pk": 29, "fields": {"name": "Can view permission", "content_type": 3, "codename": "view_permission"}}, {"model": "auth.permission", "pk": 30, "fields": {"name": "Can view group", "content_type": 2, "codename": "view_group"}}, {"model": "auth.permission", "pk": 31, "fields": {"name": "Can view content type", "content_type": 4, "codename": "view_contenttype"}}, {"model": "auth.permission", "pk": 32, "fields": {"name": "Can view session", "content_type": 5, "codename": "view_session"}}, {"model": "auth.permission", "pk": 33, "fields": {"name": "Can view product", "content_type": 7, "codename": "view_product"}}, {"model": "auth.permission", "pk": 34, "fields": {"name": "Can view product category", "content_type": 6, "codename": "view_productcategory"}}, {"model": "auth.permission", "pk": 35, "fields": {"name": "Can view user", "content_type": 8, "codename": "view_shopuser"}}, {"model": "auth.permission", "pk": 36, "fields": {"name": "Can view basket", "content_type": 9, "codename": "view_basket"}}, {"model": "auth.permission", "pk": 37, "fields": {"name": "Can add shop user profile", "content_type": 10, "codename": "add_shopuserprofile"}}, {"model": "auth.permission", "pk": 38, "fields": {"name": "Can change shop user profile", "content_type": 10, "codename": "change_shopuserprofile"}}, {"model": "auth.permission", "pk": 39, "fields": {"name": "Can delete shop user profile", "content_type": 10, "codename": "delete_shopuserprofile"}}, {"model": "auth.permission", "pk": 40, "fields": {"name": "Can view shop user profile", "content_type": 10, "codename": "view_shopuserprofile"}}, {"model": "auth.permission", "pk": 41, "fields": {"name": "Can add association", "content_type": 11, "codename": "add_association"}}, {"model": "auth.permission", "pk": 42, "fields": {"name": "Can change association", "content_type": 11, "codename": "change_association"}}, {"model": "auth.permission", "pk": 43, "fields": {"name": "Can delete association", "content_type": 11, "codename": "delete_association"}}, {"model": "auth.permission", "pk": 44, "fields": {"name": "Can view association", "content_type": 11, "codename": "view_association"}}, {"model": "auth.permission", "pk": 45, "fields": {"name": "Can add code", "content_type": 12, "codename": "add_code"}}, {"model": "auth.permission", "pk": 46, "fields": {"name": "Can change code", "content_type": 12, "codename": "change_code"}}, {"model": "auth.permission", "pk": 47, "fields": {"name": "Can delete code", "content_type": 12, "codename": "delete_code"}}, {"model": "auth.permission", "pk": 48, "fields": {"name": "Can view code", "content_type": 12, "codename": "view_code"}}, {"model": "auth.permission", "pk": 49, "fields": {"name": "Can add nonce", "content_type": 13, "codename": "add_nonce"}}, {"model": "auth.permission", "pk": 50, "fields": {"name": "Can change nonce", "content_type": 13, "codename": "change_nonce"}}, {"model": "auth.permission", "pk": 51, "fields": {"name": "Can delete nonce", "content_type": 13, "codename": "delete_nonce"}}, {"model": "auth.permission", "pk": 52, "fields": {"name": "Can view nonce", "content_type": 13, "codename": "view_nonce"}}, {"model": "auth.permission", "pk": 53, "fields": {"name": "Can add user social auth", "content_type": 14, "codename": "add_usersocialauth"}}, {"model": "auth.permission", "pk": 54, "fields": {"name": "Can change user social auth", "content_type": 14, "codename": "change_usersocialauth"}}, {"model": "auth.permission", "pk": 55, "fields": {"name": "Can delete user social auth", "content_type": 14, "codename": "delete_usersocialauth"}}, {"model": "auth.permission", "pk": 56, "fields": {"name": "Can view user social auth", "content_type": 14, "codename": "view_usersocialauth"}}, {"model": "auth.permission", "pk": 57, "fields": {"name": "Can add partial", "content_type": 15, "codename": "add_partial"}}, {"model": "auth.permission", "pk": 58, "fields": {"name": "Can change partial", "content_type": 15, "codename": "change_partial"}}, {"model": "auth.permission", "pk": 59, "fields": {"name": "Can delete partial", "content_type": 15, "codename": "delete_partial"}}, {"model": "auth.permission", "pk": 60, "fields": {"name": "Can view partial", "content_type": 15, "codename": "view_partial"}}, {"model": "auth.permission", "pk": 61, "fields": {"name": "Can add \u0437\u0430\u043a\u0430\u0437", "content_type": 16, "codename": "add_order"}}, {"model": "auth.permission", "pk": 62, "fields": {"name": "Can change \u0437\u0430\u043a\u0430\u0437", "content_type": 16, "codename": "change_order"}}, {"model": "auth.permission", "pk": 63, "fields": {"name": "Can delete \u0437\u0430\u043a\u0430\u0437", "content_type": 16, "codename": "delete_order"}}, {"model": "auth.permission", "pk": 64, "fields": {"name": "Can view \u0437\u0430\u043a\u0430\u0437", "content_type": 16, "codename": "view_order"}}, {"model": "auth.permission", "pk": 65, "fields": {"name": "Can add order item", "content_type": 17, "codename": "add_orderitem"}}, {"model": "auth.permission", "pk": 66, "fields": {"name": "Can change order item", "content_type": 17, "codename": "change_orderitem"}}, {"model": "auth.permission", "pk": 67, "fields": {"name": "Can delete order item", "content_type": 17, "codename": "delete_orderitem"}}, {"model": "auth.permission", "pk": 68, "fields": {"name": "Can view order item", "content_type": 17, "codename": "view_orderitem"}}, {"model": "sessions.session", "pk": "8fkr3jc1smd7rc42ymkdbh8api1n9r4w", "fields": {"session_data": "YTUxNDVhMjFmM2JkMGQ1NjMzOTZjMTQ5MTkzYWZmOTkxYzdhZmM3MDp7Il9hdXRoX3VzZXJfaWQiOiIxIiwiX2F1dGhfdXNlcl9oYXNoIjoiNzRhYzZmYmZmZTQ0MjI0MGZlMjQxOGRkMGM5YjdkY2Y3ODU5ODNiNiIsIl9hdXRoX3VzZXJfYmFja2VuZCI6ImRqYW5nby5jb250cmliLmF1dGguYmFja2VuZHMuTW9kZWxCYWNrZW5kIn0=", "expire_date": "2017-11-01T19:51:52.681Z"}}, {"model": "sessions.session", "pk": "bsu9tu3h4q4lbgs7zruahqxrhhy4sd83", "fields": {"session_data": "OWU3NzBiZWZiYWNjYzBlZmQ0M2VkNjk4ZDk5ZWYyZGNjYjAwMGQ0Njp7Il9hdXRoX3VzZXJfYmFja2VuZCI6ImRqYW5nby5jb250cmliLmF1dGguYmFja2VuZHMuTW9kZWxCYWNrZW5kIiwiX2F1dGhfdXNlcl9pZCI6IjEiLCJfYXV0aF91c2VyX2hhc2giOiI3NGFjNmZiZmZlNDQyMjQwZmUyNDE4ZGQwYzliN2RjZjc4NTk4M2I2In0=", "expire_date": "2017-11-04T09:38:15.540Z"}}, {"model": "sessions.session", "pk": "m0w4mgo53iu0b4v6xklzs2p2fd0qpqep", "fields": {"session_data": "YjIyMjI4ZmU3ZmJmN2NhZDRlOGQ1MGI3NjFiYTI4ZjU4NmNiOWU2OTp7Il9hdXRoX3VzZXJfaWQiOiIxIiwiX2F1dGhfdXNlcl9iYWNrZW5kIjoiZGphbmdvLmNvbnRyaWIuYXV0aC5iYWNrZW5kcy5Nb2RlbEJhY2tlbmQiLCJfYXV0aF91c2VyX2hhc2giOiIxNGIwYWMxOWIxY2ZkNmEwYzk3NDVhOWQ0ZDA2MTc2YzNkZDc0MDJjIn0=", "expire_date": "2019-02-11T07:32:07.503Z"}}, {"model": "sessions.session", "pk": "pyj8usvt8tczsqgovhy42yprlheup3gq", "fields": {"session_data": "MGMxNzFhYTc4ZWQ0OWI4ODQ1OTk5NWNjNDM5MTE1MjA1NzEwN2Q1ZDp7Im5leHQiOiIvIiwiZ29vZ2xlLW9hdXRoMl9zdGF0ZSI6ImJVSUxRRVFraXI4SWZzT1RURmNNWk4yWGJINFZOeUhXIiwiX2F1dGhfdXNlcl9pZCI6IjExIiwiX2F1dGhfdXNlcl9iYWNrZW5kIjoic29jaWFsX2NvcmUuYmFja2VuZHMuZ29vZ2xlLkdvb2dsZU9BdXRoMiIsIl9hdXRoX3VzZXJfaGFzaCI6IjliZmNkYzkwYjViYmM3NTI2ODNiMmU3ZTdiNzU3OTRjMTI1Nzk0OTAiLCJzb2NpYWxfYXV0aF9sYXN0X2xvZ2luX2JhY2tlbmQiOiJnb29nbGUtb2F1dGgyIn0=", "expire_date": "2019-02-17T10:47:13.955Z"}}, {"model": "sessions.session", "pk": "tmesctfrv806fpc8bfecfogrql2u5e5h", "fields": {"session_data": "ZmE4OThlZDdlYzU1M2MxNzI1Yzg4M2FkOGNkM2ZlOTBjMDM4ZjIyNDp7Il9hdXRoX3VzZXJfaWQiOiIxIiwiX2F1dGhfdXNlcl9iYWNrZW5kIjoiZGphbmdvLmNvbnRyaWIuYXV0aC5iYWNrZW5kcy5Nb2RlbEJhY2tlbmQiLCJfYXV0aF91c2VyX2hhc2giOiI3NGFjNmZiZmZlNDQyMjQwZmUyNDE4ZGQwYzliN2RjZjc4NTk4M2I2In0=", "expire_date": "2017-11-01T12:54:45.937Z"}}, {"model": "mainapp.productcategory", "pk": 1, "fields": {"name": "\u0434\u043e\u043c", "description": "\u043e\u0442\u043b\u0438\u0447\u043d\u0430\u044f \u043c\u0435\u0431\u0435\u043b\u044c \u0434\u043b\u044f \u0434\u043e\u043c\u0430\u0448\u043d\u0435\u0433\u043e \u0438\u043d\u0442\u0435\u0440\u044c\u0435\u0440\u0430.", "is_active": true}}, {"model": "mainapp.productcategory", "pk": 2, "fields": {"name": "\u043e\u0444\u0438\u0441", "description": "\u0441\u0442\u0438\u043b\u044c\u043d\u0430\u044f \u0438 \u043d\u0430\u0434\u0435\u0436\u043d\u0430\u044f \u043e\u0444\u0438\u0441\u043d\u0430\u044f \u043c\u0435\u0431\u0435\u043b\u044c \u043d\u043e\u0432\u043e\u0433\u043e \u043f\u043e\u043a\u043e\u043b\u0435\u043d\u0438\u044f. 2017 \u043c\u043e\u0434\u0435\u043b\u044c\u043d\u044b\u0439 \u0433\u043e\u0434", "is_active": true}}, {"model": "mainapp.productcategory", "pk": 3, "fields": {"name": "\u043c\u043e\u0434\u0435\u0440\u043d", "description": "\u043c\u0435\u0431\u0435\u043b\u044c \u0432 \u0441\u0442\u0438\u043b\u0435 \u041c\u041e\u0414\u0415\u0420\u041d \u043f\u043e\u0434\u043e\u0439\u0434\u0435\u0442 \u0434\u043b\u044f \u043b\u044e\u0431\u043e\u0433\u043e \u0438\u043d\u0442\u0435\u0440\u044c\u0435\u0440\u0430. \u0418 \u0434\u043b\u044f \u0432\u0430\u0448\u0435\u0433\u043e", "is_active": true}}, {"model": "mainapp.productcategory", "pk": 4, "fields": {"name": "\u043a\u043b\u0430\u0441\u0441\u0438\u043a\u0430", "description": "\u043a\u043b\u0430\u0441\u0441\u0438\u0447\u0435\u0441\u043a\u0438\u0439 \u0441\u0442\u0438\u043b\u044c \u0430\u043a\u0442\u0443\u0430\u043b\u0435\u043d \u0432 \u043b\u044e\u0431\u044b\u0435 \u0432\u0440\u0435\u043c\u0435\u043d\u0430.", "is_active": true}}, {"model": "mainapp.productcategory", "pk": 5, "fields": {"name": "\u0442\u043e\u0432\u0430\u0440\u044b \u0434\u043b\u044f \u043a\u0443\u0445\u043d\u0438", "description": "\u043f\u043e\u043b\u0435\u0437\u043d\u043e\u0435 \u0434\u043b\u044f \u043a\u0443\u0445\u043d\u0438 2017", "is_active": false}}, {"model": "mainapp.product", "pk": 1, "fields": {"category": 1, "name": "\u043a\u043e\u043c\u0444\u043e\u0440\u0442 1", "image": "products_images/product-1.jpg", "short_desc": "\u043a\u043e\u043c\u0444\u043e\u0440\u0442\u043d\u044b\u0439 \u0441\u0442\u0443\u043b", "description": "\u043f\u043e\u0434\u043e\u0439\u0434\u0435\u0442 \u0434\u043b\u044f \u043f\u0440\u043e\u0441\u043c\u043e\u0442\u0440\u0430 \u0444\u0438\u043b\u044c\u043c\u043e\u0432", "price": "2989.50", "quantity": 16, "is_active": true}}, {"model": "mainapp.product", "pk": 2, "fields": {"category": 1, "name": "\u043a\u043e\u043c\u0444\u043e\u0440\u0442 2", "image": "products_images/product-2.jpg", "short_desc": "\u043e\u0447\u0435\u043d\u044c \u043a\u043e\u043c\u0444\u043e\u0440\u0442\u043d\u044b\u0439 \u0441\u0442\u0443\u043b", "description": "\u043f\u043e\u0434\u043e\u0439\u0434\u0435\u0442 \u0434\u043b\u044f \u043e\u0431\u0449\u0435\u043d\u0438\u044f \u0441 \u0434\u0440\u0443\u0437\u044c\u044f\u043c\u0438", "price": "3687.20", "quantity": 20, "is_active": true}}, {"model": "mainapp.product", "pk": 3, "fields": {"category": 1, "name": "\u043b\u044e\u043a\u0441", "image": "products_images/product-3.jpg", "short_desc": "\u0438\u0441\u043f\u043e\u043b\u044c\u0437\u043e\u0432\u0430\u043d\u044b \u043f\u0440\u0435\u043c\u0438\u0430\u043b\u044c\u043d\u044b\u0435 \u043c\u0430\u0442\u0435\u0440\u0438\u0430\u043b\u044b", "description": "\u0434\u043b\u044f \u0442\u0435\u0445, \u043a\u0442\u043e \u0441\u0442\u0440\u0435\u043c\u0438\u0442\u0441\u044f \u043a \u043b\u0443\u0447\u0448\u0435\u043c\u0443", "price": "8157.99", "quantity": 7, "is_active": true}}, {"model": "mainapp.product", "pk": 4, "fields": {"category": 1, "name": "\u043b\u044e\u043a\u0441 2", "image": "products_images/product-4.jpg", "short_desc": "\u0438\u0441\u043f\u043e\u043b\u044c\u0437\u043e\u0432\u0430\u043d\u044b \u043f\u0440\u0435\u043c\u0438\u0430\u043b\u044c\u043d\u044b\u0435 \u043c\u0430\u0442\u0435\u0440\u0438\u0430\u043b\u044b", "description": "\u0434\u043b\u044f \u0442\u0435\u0445, \u043a\u0442\u043e \u0441\u0442\u0440\u0435\u043c\u0438\u0442\u0441\u044f \u043a \u043b\u0443\u0447\u0448\u0435\u043c\u0443", "price": "9157.99", "quantity": 5, "is_active": true}}, {"model": "mainapp.product", "pk": 5, "fields": {"category": 1, "name": "\u043b\u044e\u043a\u0441 3", "image": "products_images/product-5.jpg", "short_desc": "\u0438\u0441\u043f\u043e\u043b\u044c\u0437\u043e\u0432\u0430\u043d\u044b \u043f\u0440\u0435\u043c\u0438\u0430\u043b\u044c\u043d\u044b\u0435 \u043c\u0430\u0442\u0435\u0440\u0438\u0430\u043b\u044b", "description": "\u0434\u043b\u044f \u0442\u0435\u0445, \u043a\u0442\u043e \u0441\u0442\u0440\u0435\u043c\u0438\u0442\u0441\u044f \u043a \u043b\u0443\u0447\u0448\u0435\u043c\u0443", "price": "10157.99", "quantity": 3, "is_active": true}}, {"model": "mainapp.product", "pk": 6, "fields": {"category": 2, "name": "\u0441\u0442\u0430\u043d\u0434\u0430\u0440\u0442", "image": "products_images/product-6.jpg", "short_desc": "\u0443\u043d\u0438\u0432\u0435\u0440\u0441\u0430\u043b\u044c\u043d\u043e\u0435 \u0440\u0435\u0448\u0435\u043d\u0438\u0435 2017 \u0433\u043e\u0434\u0430", "description": "\u043f\u043e\u0434\u043e\u0439\u0434\u0435\u0442 \u0434\u043b\u044f \u043b\u044e\u0431\u043e\u0433\u043e \u043e\u0444\u0438\u0441\u0430. \u043e\u0442\u043b\u0438\u0447\u043d\u044b\u0435 \u0445\u0430\u0440\u0430\u043a\u0442\u0435\u0440\u0438\u0441\u0442\u0438\u043a\u0438", "price": "1895.25", "quantity": 27, "is_active": true}}, {"model": "mainapp.product", "pk": 7, "fields": {"category": 2, "name": "\u043f\u0440\u0435\u043c\u0438\u0443\u043c", "image": "products_images/product-7.jpg", "short_desc": "\u0443\u043b\u0443\u0447\u0448\u0435\u043d\u043d\u044b\u0439 \u0434\u0438\u0437\u0430\u0439\u043d", "description": "\u0438\u0434\u0435\u0430\u043b\u044c\u043d\u043e \u0432\u043f\u0438\u0448\u0435\u0442\u0441\u044f \u0432 \u0441\u0442\u0440\u043e\u0433\u0438\u0439 \u0438\u043d\u0442\u0435\u0440\u044c\u0435\u0440 \u043e\u0444\u0438\u0441\u0430", "price": "3587.41", "quantity": 9, "is_active": true}}, {"model": "mainapp.product", "pk": 8, "fields": {"category": 2, "name": "\u043f\u0440\u0435\u043c\u0438\u0443\u043c 2", "image": "products_images/product-8.jpg", "short_desc": "\u0443\u043b\u0443\u0447\u0448\u0435\u043d\u043d\u044b\u0439 \u0434\u0438\u0437\u0430\u0439\u043d", "description": "\u0438\u0434\u0435\u0430\u043b\u044c\u043d\u043e \u0432\u043f\u0438\u0448\u0435\u0442\u0441\u044f \u0432 \u0441\u0442\u0440\u043e\u0433\u0438\u0439 \u0438\u043d\u0442\u0435\u0440\u044c\u0435\u0440 \u043e\u0444\u0438\u0441\u0430", "price": "4587.41", "quantity": 8, "is_active": true}}, {"model": "mainapp.product", "pk": 9, "fields": {"category": 3, "name": "\u043d\u043e\u0432\u0438\u043d\u043a\u0430", "image": "products_images/product-9.jpg", "short_desc": "\u0438\u043d\u043d\u043e\u0432\u0430\u0446\u0438\u043e\u043d\u043d\u044b\u0439 \u0434\u0438\u0437\u0430\u0439\u043d", "description": "\u043d\u0435\u0441\u0442\u0430\u043d\u0434\u0430\u0440\u0442\u043d\u043e\u0435 \u0440\u0435\u0448\u0435\u043d\u0438\u0435 \u0434\u043b\u044f \u0441\u043e\u0432\u0440\u0435\u043c\u0435\u043d\u043d\u043e\u0433\u043e \u0438\u043d\u0442\u0435\u0440\u044c\u0435\u0440\u0430", "price": "5361.47", "quantity": 18, "is_active": true}}, {"model": "mainapp.product", "pk": 10, "fields": {"category": 3, "name": "\u043f\u0440\u043e\u0433\u0440\u0435\u0441\u0441", "image": "products_images/product-10.jpg", "short_desc": "\u043f\u0440\u043e\u0433\u0440\u0435\u0441\u0441\u0438\u0432\u043d\u044b\u0439 \u0434\u0438\u0437\u0430\u0439\u043d", "description": "\u0444\u0443\u043d\u043a\u0446\u0438\u043e\u043d\u0430\u043b\u044c\u043d\u043e\u0435 \u0438 \u043a\u043e\u043c\u0444\u043e\u0440\u0442\u043d\u043e\u0435 \u0440\u0435\u0448\u0435\u043d\u0438\u0435", "price": "6789.33", "quantity": 11, "is_active": true}}, {"model": "mainapp.product", "pk": 11, "fields": {"category": 3, "name": "\u043f\u0440\u043e\u0433\u0440\u0435\u0441\u0441 2", "image": "products_images/product-11.jpg", "short_desc": "\u043f\u0440\u043e\u0433\u0440\u0435\u0441\u0441\u0438\u0432\u043d\u044b\u0439 \u0434\u0438\u0437\u0430\u0439\u043d", "description": "\u0444\u0443\u043d\u043a\u0446\u0438\u043e\u043d\u0430\u043b\u044c\u043d\u043e\u0435 \u0438 \u043a\u043e\u043c\u0444\u043e\u0440\u0442\u043d\u043e\u0435 \u0440\u0435\u0448\u0435\u043d\u0438\u0435", "price": "7789.33", "quantity": 11, "is_active": true}}, {"model": "mainapp.product", "pk": 12, "fields": {"category": 3, "name": "\u043f\u0440\u043e\u0433\u0440\u0435\u0441\u0441 3", "image": "products_images/product-12.jpg", "short_desc": "\u043f\u0440\u043e\u0433\u0440\u0435\u0441\u0441\u0438\u0432\u043d\u044b\u0439 \u0434\u0438\u0437\u0430\u0439\u043d", "description": "\u0444\u0443\u043d\u043a\u0446\u0438\u043e\u043d\u0430\u043b\u044c\u043d\u043e\u0435 \u0438 \u043a\u043e\u043c\u0444\u043e\u0440\u0442\u043d\u043e\u0435 \u0440\u0435\u0448\u0435\u043d\u0438\u0435", "price": "9789.33", "quantity": 6, "is_active": true}}, {"model": "mainapp.product", "pk": 13, "fields": {"category": 4, "name": "\u0432\u0435\u043d\u0435\u0446\u0438\u044f", "image": "products_images/product-13.jpg", "short_desc": "\u043a\u043b\u0430\u0441\u0441\u0438\u0447\u0435\u0441\u043a\u0438\u0435 \u0444\u043e\u0440\u043c\u044b", "description": "\u043e\u043a\u0443\u043d\u0438\u0442\u0435\u0441\u044c \u0432 \u0435\u0432\u0440\u043e\u043f\u0435\u0439\u0441\u043a\u0438\u0439 \u043a\u043e\u043c\u0444\u043e\u0440\u0442", "price": "4147.51", "quantity": 25, "is_active": true}}, {"model": "mainapp.product", "pk": 14, "fields": {"category": 4, "name": "\u0442\u043e\u0441\u043a\u0430\u043d\u0430", "image": "products_images/product-14.jpg", "short_desc": "\u044d\u0440\u0433\u043e\u043d\u043e\u043c\u0438\u0447\u043d\u0430\u044f \u0441\u043f\u0438\u043d\u043a\u0430", "description": "\u043f\u043e\u0447\u0443\u0432\u0441\u0442\u0432\u0443\u0439\u0442\u0435 \u043a\u043e\u043c\u0444\u043e\u0440\u0442 \u0438 \u043d\u0430\u0441\u043b\u0430\u0434\u0438\u0442\u0435\u0441\u044c \u0446\u0432\u0435\u0442\u043e\u0432\u043e\u0439 \u0433\u0430\u043c\u043c\u043e\u0439", "price": "7147.35", "quantity": 18, "is_active": true}}, {"model": "mainapp.product", "pk": 15, "fields": {"category": 4, "name": "\u0440\u0438\u043c", "image": "products_images/product-15.jpg", "short_desc": "\u0443\u0434\u0430\u0447\u043d\u044b\u0435 \u043f\u0440\u043e\u043f\u043e\u0440\u0446\u0438\u0438", "description": "\u043a\u043e\u043c\u043f\u0430\u043a\u0442\u043d\u043e\u0441\u0442\u044c \u0438 \u0444\u0443\u043d\u043a\u0446\u0438\u043e\u043d\u0430\u043b\u044c\u043d\u043e\u0441\u0442\u044c", "price": "8357.77", "quantity": 8, "is_active": true}}, {"model": "mainapp.product", "pk": 16, "fields": {"category": 4, "name": "\u0440\u0438\u043c 2", "image": "products_images/product-16.jpg", "short_desc": "\u0443\u0434\u0430\u0447\u043d\u044b\u0435 \u043f\u0440\u043e\u043f\u043e\u0440\u0446\u0438\u0438", "description": "\u043a\u043e\u043c\u043f\u0430\u043a\u0442\u043d\u043e\u0441\u0442\u044c \u0438 \u0444\u0443\u043d\u043a\u0446\u0438\u043e\u043d\u0430\u043b\u044c\u043d\u043e\u0441\u0442\u044c", "price": "9357.77", "quantity": 6, "is_active": true}}, {"model": "mainapp.product", "pk": 17, "fields": {"category": 4, "name": "\u0440\u0438\u043c 3", "image": "products_images/product-17.jpg", "short_desc": "\u0443\u0434\u0430\u0447\u043d\u044b\u0435 \u043f\u0440\u043e\u043f\u043e\u0440\u0446\u0438\u0438", "description": "\u043a\u043e\u043c\u043f\u0430\u043a\u0442\u043d\u043e\u0441\u0442\u044c \u0438 \u0444\u0443\u043d\u043a\u0446\u0438\u043e\u043d\u0430\u043b\u044c\u043d\u043e\u0441\u0442\u044c", "price": "10357.77", "quantity": 6, "is_active": true}}, {"model": "mainapp.product", "pk": 18, "fields": {"category": 2, "name": "\u043e\u0444\u0438\u0441\u043d\u044b\u0439 \u0441\u0442\u0443\u043b 4", "image": "", "short_desc": "\u0443\u0434\u043b\u0438\u043d\u0435\u043d\u043d\u0430\u044f \u0441\u043f\u0438\u043d\u043a\u0430", "description": "\u0434\u043b\u044f \u043b\u044e\u0434\u0435\u0439 \u0432\u044b\u0441\u043e\u043a\u043e\u0433\u043e \u0440\u043e\u0441\u0442\u0430", "price": "1897.44", "quantity": 18, "is_active": false}}, {"model": "authapp.shopuser", "pk": 1, "fields": {"password": "pbkdf2_sha256$120000$VymnlbBl4Anb$hc63C15X8p0FcRozVzNeSUaAE9A2wb4Ip2NeFRF0pMM=", "last_login": "2019-01-31T12:16:45.161Z", "is_superuser": true, "username": "django", "first_name": "", "last_name": "", "email": "django@geekshop.local", "is_staff": true, "is_active": true, "date_joined": "2017-10-18T12:46:45.112Z", "avatar": "", "age": 33, "activation_key": "", "activation_key_expires": "2019-02-02T12:32:02.140Z", "groups": [], "user_permissions": []}}, {"model": "authapp.shopuser", "pk": 2, "fields": {"password": "pbkdf2_sha256$30000$TibmK0AuZEVN$KOczqCTahCoBw7f6JgV5cDMaytWm7qHpqiNRCcL7vnw=", "last_login": "2017-10-21T09:38:08.255Z", "is_superuser": false, "username": "user1", "first_name": "\u041f\u043e\u043b\u044c\u0437\u043e\u0432\u0430\u0442\u0435\u043b\u044c 1", "last_name": "", "email": "user1@geekshop.ru", "is_staff": false, "is_active": true, "date_joined": "2017-10-21T09:35:58.357Z", "avatar": "users_avatars/Jellyfish.jpg", "age": 28, "activation_key": "", "activation_key_expires": "2019-02-02T12:32:02.140Z", "groups": [], "user_permissions": []}}, {"model": "authapp.shopuser", "pk": 3, "fields": {"password": "pbkdf2_sha256$30000$yo2DzfanHzWV$ZiZ5mJrH7O7nlWXGRNr9E/H8OATrs+sDcdsu/qX0Tiw=", "last_login": null, "is_superuser": false, "username": "user2", "first_name": "", "last_name": "", "email": "user2@geekshop.ru", "is_staff": false, "is_active": true, "date_joined": "2017-10-21T10:27:36Z", "avatar": "users_avatars/Tulips.jpg", "age": 39, "activation_key": "", "activation_key_expires": "2019-02-02T12:32:02.140Z", "groups": [], "user_permissions": []}}, {"model": "authapp.shopuser", "pk": 4, "fields": {"password": "pbkdf2_sha256$30000$J5VHESGhsJQ2$GKCnuIhscf6HLBlxrzwpXtV/o5BbhzBbImsOCXV7Eho=", "last_login": null, "is_superuser": false, "username": "user3", "first_name": "", "last_name": "", "email": "1@1.ru", "is_staff": false, "is_active": false, "date_joined": "2017-10-21T10:29:06.713Z", "avatar": "", "age": 19, "activation_key": "", "activation_key_expires": "2019-02-02T12:32:02.140Z", "groups": [], "user_permissions": []}}, {"model": "authapp.shopuser", "pk": 5, "fields": {"password": "pbkdf2_sha256$30000$MtGCYwfLYlHX$m1E3qaaz5vb6azqPE5zI8hlBJOHl7vuecebnMLDO6SI=", "last_login": null, "is_superuser": false, "username": "user4", "first_name": "", "last_name": "", "email": "1@1.ru", "is_staff": false, "is_active": true, "date_joined": "2017-10-21T10:29:42.107Z", "avatar": "", "age": 19, "activation_key": "", "activation_key_expires": "2019-02-02T12:32:02.140Z", "groups": [], "user_permissions": []}}, {"model": "authapp.shopuser", "pk": 6, "fields": {"password": "pbkdf2_sha256$30000$iULsZkzlNJlW$kKb/918Jw3Ba41OTfkOe5KyHogjeXhOAsgIt04ZHoAE=", "last_login": null, "is_superuser": false, "username": "user7", "first_name": "\u041f\u043e\u043b\u044c\u0437\u043e\u0432\u0430\u0442\u0435\u043b\u044c 7", "last_name": "", "email": "7@geekshop.ru", "is_staff": false, "is_active": false, "date_joined": "2017-10-21T10:54:15.921Z", "avatar": "users_avatars/Hydrangeas.jpg", "age": 56, "activation_key": "", "activation_key_expires": "2019-02-02T12:32:02.140Z", "groups": [], "user_permissions": []}}, {"model": "authapp.shopuser", "pk": 7, "fields": {"password": "pbkdf2_sha256$30000$WvXgdyZ5PfKG$8pT4FzHLw5uT+NOYLgaTkmhHXQdpW0pk6VIDhndReTk=", "last_login": null, "is_superuser": false, "username": "user9", "first_name": "\u041f\u043e\u043b\u044c\u0437\u043e\u0432\u0430\u0442\u0435\u043b\u044c 9", "last_name": "", "email": "user9@geekshop.ru", "is_staff": false, "is_active": false, "date_joined": "2017-10-21T11:02:33Z", "avatar": "users_avatars/Chrysanthemum.jpg", "age": 19, "activation_key": "", "activation_key_expires": "2019-02-02T12:32:02.140Z", "groups": [], "user_permissions": []}}, {"model": "authapp.shopuser", "pk": 8, "fields": {"password": "pbkdf2_sha256$120000$P2AE0DoB9fMo$u4mUJPzxneEbfUqSSpFLmO1f/ujcnVKI7JkvTQDBp9A=", "last_login": null, "is_superuser": false, "username": "Alex", "first_name": "Alex", "last_name": "", "email": "Alex@alex.com", "is_staff": false, "is_active": false, "date_joined": "2019-02-03T07:58:27.218Z", "avatar": "", "age": 26, "activation_key": "0e70e4b91d5aafc6a2cef3a275e8811c1b3355f6", "activation_key_expires": "2019-02-05T07:57:19.681Z", "groups": [], "user_permissions": []}}, {"model": "authapp.shopuser", "pk": 9, "fields": {"password": "pbkdf2_sha256$120000$rxL74qoDTM6J$a9/Rt0HWVFfe+ZzhlBjAuOBnXh9sI81FB4+u7m8aZQs=", "last_login": null, "is_superuser": false, "username": "Alex2", "first_name": "Alex2", "last_name": "", "email": "Alex@alex.com", "is_staff": false, "is_active": false, "date_joined": "2019-02-03T07:59:38.821Z", "avatar": "", "age": 26, "activation_key": "03c11fd4619cd8ef59cd108a4e713078566dbfde", "activation_key_expires": "2019-02-05T07:59:18.117Z", "groups": [], "user_permissions": []}}, {"model": "authapp.shopuser", "pk": 10, "fields": {"password": "pbkdf2_sha256$120000$mpsLRQaSmTdt$JN79HcXo+fJ7RXeMH4Yp2mdcQtE1A0AvGMFqrF61Vt8=", "last_login": "2019-02-03T08:02:33.677Z", "is_superuser": false, "username": "odin", "first_name": "odin", "last_name": "", "email": "odin@odin.com", "is_staff": false, "is_active": true, "date_joined": "2019-02-03T08:02:00.302Z", "avatar": "", "age": 26, "activation_key": "575ed8240f1dc5df151a464bf1726a0e136c1cf3", "activation_key_expires": "2019-02-05T07:59:18.117Z", "groups": [], "user_permissions": []}}, {"model": "authapp.shopuser", "pk": 11, "fields": {"password": "!r5jWAKnKxa1pWR7rN9ai6B5rdDCc352JpD3Q4qXQ", "last_login": "2019-02-03T10:47:13.941Z", "is_superuser": false, "username": "sale.china4me", "first_name": "China", "last_name": "4me", "email": "sale.china4me@gmail.com", "is_staff": false, "is_active": true, "date_joined": "2019-02-03T10:47:13.858Z", "avatar": "", "age": 18, "activation_key": "", "activation_key_expires": "2019-02-05T10:46:49.234Z", "groups": [], "user_permissions": []}}, {"model": "authapp.shopuserprofile", "pk": 1, "fields": {"user": 1, "tagline": "", "aboutMe": "", "gender": "", "address": ""}}, {"model": "authapp.shopuserprofile", "pk": 2, "fields": {"user": 2, "tagline": "", "aboutMe": "", "gender": "", "address": ""}}, {"model": "authapp.shopuserprofile", "pk": 3, "fields": {"user": 3, "tagline": "", "aboutMe": "", "gender": "", "address": ""}}, {"model": "authapp.shopuserprofile", "pk": 4, "fields": {"user": 4, "tagline": "", "aboutMe": "", "gender": "", "address": ""}}, {"model": "authapp.shopuserprofile", "pk": 5, "fields": {"user": 5, "tagline": "", "aboutMe": "", "gender": "", "address": ""}}, {"model": "authapp.shopuserprofile", "pk": 6, "fields": {"user": 6, "tagline": "", "aboutMe": "", "gender": "", "address": ""}}, {"model": "authapp.shopuserprofile", "pk": 7, "fields": {"user": 7, "tagline": "", "aboutMe": "", "gender": "", "address": ""}}, {"model": "authapp.shopuserprofile", "pk": 8, "fields": {"user": 8, "tagline": "", "aboutMe": "", "gender": "", "address": ""}}, {"model": "authapp.shopuserprofile", "pk": 9, "fields": {"user": 9, "tagline": "", "aboutMe": "", "gender": "", "address": ""}}, {"model": "authapp.shopuserprofile", "pk": 10, "fields": {"user": 10, "tagline": "", "aboutMe": "", "gender": "", "address": ""}}, {"model": "authapp.shopuserprofile", "pk": 11, "fields": {"user": 11, "tagline": "", "aboutMe": "", "gender": "", "address": ""}}, {"model": "basketapp.basket", "pk": 7, "fields": {"user": 1, "product": 16, "quantity": 9, "add_datetime": "2017-10-19T14:17:37.137Z"}}, {"model": "basketapp.basket", "pk": 10, "fields": {"user": 1, "product": 10, "quantity": 3, "add_datetime": "2017-10-20T15:49:42.463Z"}}, {"model": "basketapp.basket", "pk": 11, "fields": {"user": 1, "product": 14, "quantity": 1, "add_datetime": "2017-10-21T06:09:05.198Z"}}, {"model": "basketapp.basket", "pk": 12, "fields": {"user": 2, "product": 15, "quantity": 1, "add_datetime": "2017-10-21T09:36:11.312Z"}}, {"model": "basketapp.basket", "pk": 13, "fields": {"user": 1, "product": 2, "quantity": 1, "add_datetime": "2019-01-31T12:17:02.971Z"}}, {"model": "basketapp.basket", "pk": 16, "fields": {"user": 11, "product": 1, "quantity": 1, "add_datetime": "2019-02-10T00:42:22.343Z"}}, {"model": "basketapp.basket", "pk": 17, "fields": {"user": 11, "product": 2, "quantity": 1, "add_datetime": "2019-02-10T00:42:50.344Z"}}, {"model": "basketapp.basket", "pk": 18, "fields": {"user": 11, "product": 12, "quantity": 1, "add_datetime": "2019-02-10T00:46:18.524Z"}}, {"model": "basketapp.basket", "pk": 19, "fields": {"user": 11, "product": 16, "quantity": 1, "add_datetime": "2019-02-10T00:46:22.004Z"}}, {"model": "basketapp.basket", "pk": 20, "fields": {"user": 11, "product": 10, "quantity": 1, "add_datetime": "2019-02-10T00:52:19.969Z"}}, {"model": "social_django.usersocialauth", "pk": 1, "fields": {"user": 11, "provider": "google-oauth2", "uid": "sale.china4me@gmail.com", "extra_data": "{\"auth_time\": 1549190833, \"expires\": 3600, \"token_type\": \"Bearer\", \"access_token\": \"ya29.GlulBp2IaAotjk4UYj1VMcQg5PugSWsSNpqIrCW1An193ZMb2iT9UtfIWdtJf0bF8lhmoCegfVn8RKK7jymcAgbLG3-wxXDTDAj_ve31dhuLUlxtcD72xFK2wgMV\"}"}}, {"model": "ordersapp.order", "pk": 1, "fields": {"user": 11, "created": "2019-02-07T12:28:27.743Z", "updated": "2019-02-07T12:28:27.773Z", "status": "FM", "is_active": true}}, {"model": "ordersapp.orderitem", "pk": 1, "fields": {"order": 1, "product": 9, "quantity": 2}}]